"Moon in the Day","《白昼之月》",https://www.viki.com/tv/40166c-moon-in-the-day,100,9.63,2662,7,2023-09-07T09:19:28Z,kr
"A Good Day to be a Dog","犬系恋人",https://www.viki.com/tv/40178c-a-good-day-to-be-a-dog,94,9.57,8996,15,2023-09-12T02:42:02Z,kr
"True Beauty","女神降临",https://www.viki.com/tv/37374c-true-beauty,100,9.58,443063,39,2020-09-04T03:11:59Z,kr
"What’s Wrong With Secretary Kim","金秘书为何那样",https://www.viki.com/tv/35835c-whats-wrong-with-secretary-kim,98,9.67,529678,49,2018-03-14T04:51:31Z,kr
"Sh**ting Stars","《Sh**ting Stars》",https://www.viki.com/tv/38405c-shting-stars,100,9.5,127449,30,2022-03-02T09:27:01Z,kr
"Guardian: The Lonely and Great God","孤单又灿烂的神—鬼怪",https://www.viki.com/tv/31706c-guardian-the-lonely-and-great-god,97,9.71,164413,4,2016-04-19T19:56:56Z,kr
"Extra-ordinary You","意外发现的一天",https://www.viki.com/tv/36728c-extra-ordinary-you,100,9.33,67420,17,2019-08-20T06:04:12Z,kr
"So I Married The Anti-Fan","所以我和黑粉结婚了",https://www.viki.com/tv/37777c-so-i-married-the-anti-fan,100,9.35,107915,40,2021-04-09T01:29:17Z,kr
"Suspicious Partner","奇怪的搭档",https://www.viki.com/tv/34557c-suspicious-partner,100,9.52,158872,0,2017-02-17T05:43:28Z,kr
"Strong Woman Do Bong Soon","大力女子都奉顺",https://www.viki.com/tv/32311c-strong-woman-do-bong-soon,99,9.72,264077,3,2016-06-03T07:01:57Z,kr
"Descendants of the Sun","太阳的后裔",https://www.viki.com/tv/23205c-descendants-of-the-sun,99,9.73,165814,7,2014-02-18T12:38:49Z,kr
"My Roommate is a Gumiho","我的室友是九尾狐",https://www.viki.com/tv/37880c-my-roommate-is-a-gumiho,100,9.56,173982,6,2021-05-29T02:16:42Z,kr
"Semantic Error","《Semantic Error》",https://www.viki.com/tv/38375c-semantic-error,99,9.7,152964,1,2022-02-03T02:16:47Z,kr
"Mr. Queen","哲仁王后",https://www.viki.com/tv/37480c-mr-queen,98,9.71,180915,36,2020-11-05T01:54:18Z,kr
"Live Your Own Life","《孝心的家，各自为生》",https://www.viki.com/tv/40163c-live-your-own-life,99,8.12,432,1,2023-09-07T02:10:03Z,kr
"Forest","《F》",https://www.viki.com/tv/36981c-forest,99,9.36,100561,23,2020-01-20T08:23:24Z,kr
"Tale of the Nine-Tailed","九尾狐传",https://www.viki.com/tv/37373c-tale-of-the-nine-tailed,99,9.6,181296,30,2020-09-04T03:11:53Z,kr
"My Love From the Star","来自星星的你",https://www.viki.com/tv/20503c-my-love-from-the-star,100,9.49,129254,11,2013-06-27T06:25:50Z,kr
"My Strange Hero","福秀回来了",https://www.viki.com/tv/36330c-my-strange-hero,100,9.45,105477,18,2018-10-12T03:05:33Z,kr
"The Legend of the Blue Sea","蓝色海洋的传说",https://www.viki.com/tv/32240c-the-legend-of-the-blue-sea,97,9.61,131802,1,2016-05-30T08:53:47Z,kr
"W","W",https://www.viki.com/tv/30854c-w,99,9.55,290966,13,2016-02-02T06:42:20Z,kr
"Weightlifting Fairy, Kim Bok-joo","举重妖精金福珠",https://www.viki.com/tv/32634c-weightlifting-fairy-kim-bok-joo,99,9.7,176777,8,2016-07-01T18:38:06Z,kr
"Born Again","Born Again",https://www.viki.com/tv/37088c-born-again,100,8.95,17489,20,2020-04-01T03:13:16Z,kr
"I Am Not a Robot","不是机器人啊",https://www.viki.com/tv/35618c-i-am-not-a-robot,99,9.59,130860,0,2017-09-08T05:56:25Z,kr
"My ID Is Gangnam Beauty","我的 ID 是江南美人",https://www.viki.com/tv/36424c-my-id-is-gangnam-beauty,98,9.4,201156,0,2018-12-11T09:31:06Z,kr
"The Red Sleeve","衣袖红镶边",https://www.viki.com/tv/38101c-the-red-sleeve,100,9.48,95205,5,2021-09-06T07:10:08Z,kr
"Heirs","继承者们",https://www.viki.com/tv/12699c-heirs,99,9.46,225218,2,2013-03-29T01:31:07Z,kr
"Doom at Your Service","某一天灭亡来到我家门前",https://www.viki.com/tv/37776c-doom-at-your-service,100,9.53,244930,35,2021-04-08T03:25:17Z,kr
"Weak Hero Class 1","弱美男英雄 Class 1",https://www.viki.com/tv/38971c-weak-hero-class-1,98,9.62,52986,0,2022-11-17T06:02:19Z,kr
"While You Were Sleeping","当你熟睡时",https://www.viki.com/tv/33538c-while-you-were-sleeping,99,9.62,303682,21,2016-10-24T03:41:24Z,kr
"Uncontrollably Fond","任意依恋",https://www.viki.com/tv/28954c-uncontrollably-fond,96,9.35,141470,0,2015-08-20T03:13:10Z,kr
"Kiss Goblin","Kiss 妖怪",https://www.viki.com/tv/37458c-kiss-goblin,100,9.22,199908,0,2020-10-20T01:53:19Z,kr
"Level Up","新作",https://www.viki.com/tv/36585c-level-up,99,8.78,33829,12,2019-05-03T01:55:10Z,kr
"Boys Over Flowers","花样男子",https://www.viki.com/tv/50c-boys-over-flowers,70,9.45,125383,26,2008-12-11T12:44:14Z,kr
"Love In Contract","月水金火木土",https://www.viki.com/tv/38782c-love-in-contract,100,9.22,86677,21,2022-08-19T05:54:06Z,kr
"Moon in the Day","《白昼之月》",https://www.viki.com/tv/40166c-moon-in-the-day,100,9.63,2662,7,2023-09-07T09:19:28Z,kr
"A Good Day to be a Dog","犬系恋人",https://www.viki.com/tv/40178c-a-good-day-to-be-a-dog,94,9.57,8996,15,2023-09-12T02:42:02Z,kr
"True Beauty","女神降临",https://www.viki.com/tv/37374c-true-beauty,100,9.58,443063,39,2020-09-04T03:11:59Z,kr
"What’s Wrong With Secretary Kim","金秘书为何那样",https://www.viki.com/tv/35835c-whats-wrong-with-secretary-kim,98,9.67,529678,49,2018-03-14T04:51:31Z,kr
"Sh**ting Stars","《Sh**ting Stars》",https://www.viki.com/tv/38405c-shting-stars,100,9.5,127449,30,2022-03-02T09:27:01Z,kr
"Guardian: The Lonely and Great God","孤单又灿烂的神—鬼怪",https://www.viki.com/tv/31706c-guardian-the-lonely-and-great-god,97,9.71,164413,4,2016-04-19T19:56:56Z,kr
"Extra-ordinary You","意外发现的一天",https://www.viki.com/tv/36728c-extra-ordinary-you,100,9.33,67420,17,2019-08-20T06:04:12Z,kr
"So I Married The Anti-Fan","所以我和黑粉结婚了",https://www.viki.com/tv/37777c-so-i-married-the-anti-fan,100,9.35,107915,40,2021-04-09T01:29:17Z,kr
"Suspicious Partner","奇怪的搭档",https://www.viki.com/tv/34557c-suspicious-partner,100,9.52,158872,0,2017-02-17T05:43:28Z,kr
"Strong Woman Do Bong Soon","大力女子都奉顺",https://www.viki.com/tv/32311c-strong-woman-do-bong-soon,99,9.72,264077,3,2016-06-03T07:01:57Z,kr
"Descendants of the Sun","太阳的后裔",https://www.viki.com/tv/23205c-descendants-of-the-sun,99,9.73,165814,7,2014-02-18T12:38:49Z,kr
"My Roommate is a Gumiho","我的室友是九尾狐",https://www.viki.com/tv/37880c-my-roommate-is-a-gumiho,100,9.56,173982,6,2021-05-29T02:16:42Z,kr
"Semantic Error","《Semantic Error》",https://www.viki.com/tv/38375c-semantic-error,99,9.7,152964,1,2022-02-03T02:16:47Z,kr
"Mr. Queen","哲仁王后",https://www.viki.com/tv/37480c-mr-queen,98,9.71,180915,36,2020-11-05T01:54:18Z,kr
"Live Your Own Life","《孝心的家，各自为生》",https://www.viki.com/tv/40163c-live-your-own-life,99,8.12,432,1,2023-09-07T02:10:03Z,kr
"Forest","《F》",https://www.viki.com/tv/36981c-forest,99,9.36,100561,23,2020-01-20T08:23:24Z,kr
"Tale of the Nine-Tailed","九尾狐传",https://www.viki.com/tv/37373c-tale-of-the-nine-tailed,99,9.6,181296,30,2020-09-04T03:11:53Z,kr
"My Love From the Star","来自星星的你",https://www.viki.com/tv/20503c-my-love-from-the-star,100,9.49,129254,11,2013-06-27T06:25:50Z,kr
"My Strange Hero","福秀回来了",https://www.viki.com/tv/36330c-my-strange-hero,100,9.45,105477,18,2018-10-12T03:05:33Z,kr
"The Legend of the Blue Sea","蓝色海洋的传说",https://www.viki.com/tv/32240c-the-legend-of-the-blue-sea,97,9.61,131802,1,2016-05-30T08:53:47Z,kr
"W","W",https://www.viki.com/tv/30854c-w,99,9.55,290966,13,2016-02-02T06:42:20Z,kr
"Weightlifting Fairy, Kim Bok-joo","举重妖精金福珠",https://www.viki.com/tv/32634c-weightlifting-fairy-kim-bok-joo,99,9.7,176777,8,2016-07-01T18:38:06Z,kr
"Born Again","Born Again",https://www.viki.com/tv/37088c-born-again,100,8.95,17489,20,2020-04-01T03:13:16Z,kr
"I Am Not a Robot","不是机器人啊",https://www.viki.com/tv/35618c-i-am-not-a-robot,99,9.59,130860,0,2017-09-08T05:56:25Z,kr
"My ID Is Gangnam Beauty","我的 ID 是江南美人",https://www.viki.com/tv/36424c-my-id-is-gangnam-beauty,98,9.4,201156,0,2018-12-11T09:31:06Z,kr
"The Red Sleeve","衣袖红镶边",https://www.viki.com/tv/38101c-the-red-sleeve,100,9.48,95205,5,2021-09-06T07:10:08Z,kr
"Heirs","继承者们",https://www.viki.com/tv/12699c-heirs,99,9.46,225218,2,2013-03-29T01:31:07Z,kr
"Doom at Your Service","某一天灭亡来到我家门前",https://www.viki.com/tv/37776c-doom-at-your-service,100,9.53,244930,35,2021-04-08T03:25:17Z,kr
"Weak Hero Class 1","弱美男英雄 Class 1",https://www.viki.com/tv/38971c-weak-hero-class-1,98,9.62,52986,0,2022-11-17T06:02:19Z,kr
"While You Were Sleeping","当你熟睡时",https://www.viki.com/tv/33538c-while-you-were-sleeping,99,9.62,303682,21,2016-10-24T03:41:24Z,kr
"Uncontrollably Fond","任意依恋",https://www.viki.com/tv/28954c-uncontrollably-fond,96,9.35,141470,0,2015-08-20T03:13:10Z,kr
"Kiss Goblin","Kiss 妖怪",https://www.viki.com/tv/37458c-kiss-goblin,100,9.22,199908,0,2020-10-20T01:53:19Z,kr
"Level Up","新作",https://www.viki.com/tv/36585c-level-up,99,8.78,33829,12,2019-05-03T01:55:10Z,kr
"Boys Over Flowers","花样男子",https://www.viki.com/tv/50c-boys-over-flowers,70,9.45,125383,26,2008-12-11T12:44:14Z,kr
"Love In Contract","月水金火木土",https://www.viki.com/tv/38782c-love-in-contract,100,9.22,86677,21,2022-08-19T05:54:06Z,kr
"Birth of the Beauty","美女的诞生",https://www.viki.com/tv/24286c-birth-of-the-beauty,98,9.24,25285,6,2014-06-03T23:41:05Z,kr
"The Eighth Sense","《第八感》",https://www.viki.com/tv/39344c-the-eighth-sense,99,9.71,42035,3,2023-01-26T05:22:03Z,kr
"Princess Hours","宫",https://www.viki.com/tv/72c-princess-hours,85,9.21,32734,0,2009-01-23T05:55:12Z,kr
"Our Dating Sim","我们的恋爱模拟",https://www.viki.com/tv/39574c-our-dating-sim,99,9.56,45201,6,2023-02-16T02:38:14Z,kr
"Melting Me Softly","融化我吧",https://www.viki.com/tv/36676c-melting-me-softly,100,9.24,143397,30,2019-07-15T03:02:43Z,kr
"She Was Pretty","她很漂亮",https://www.viki.com/tv/28448c-she-was-pretty,99,9.5,93624,13,2015-07-07T11:43:08Z,kr
"Where Stars Land","《狐狸新娘星》",https://www.viki.com/tv/36298c-where-stars-land,100,9.28,71332,3,2018-09-13T03:19:26Z,kr
"Noble, My Love","高贵的你",https://www.viki.com/tv/36731c-noble-my-love,99,9.01,48107,25,2019-08-20T06:04:23Z,kr
"Her Private Life","她的私生活",https://www.viki.com/tv/36550c-her-private-life,95,9.49,163080,31,2019-03-27T05:31:07Z,kr
"Kill Me Heal Me","杀了我治愈我",https://www.viki.com/tv/22811c-kill-me-heal-me,99,9.62,66972,1,2014-01-16T01:56:31Z,kr
"Cinderella and Four Knights","灰姑娘与四骑士",https://www.viki.com/tv/36746c-cinderella-and-four-knights,100,9.54,119896,1,2019-08-30T08:07:56Z,kr
"Doctor Stranger","Doctor异乡人",https://www.viki.com/tv/22343c-doctor-stranger,96,9.17,60383,5,2013-12-05T14:33:21Z,kr
"Hotel Del Luna","德鲁纳酒店",https://www.viki.com/tv/36667c-hotel-del-luna,99,9.6,184235,34,2019-07-10T01:42:30Z,kr
"Our Blooming Youth","青春月谭",https://www.viki.com/tv/39181c-our-blooming-youth,100,9.45,46191,14,2023-01-05T05:20:18Z,kr
"Flower of Evil","恶之花",https://www.viki.com/tv/37073c-flower-of-evil,99,9.73,165933,24,2020-03-19T09:27:49Z,kr
"Healer","治愈者",https://www.viki.com/tv/23730c-healer,97,9.71,89752,0,2014-04-18T08:43:04Z,kr
"Light On Me","照亮我的光",https://www.viki.com/tv/37454c-light-on-me,100,9.53,52751,12,2020-10-20T01:47:31Z,kr
"Why Her?","《为何是吴秀才？》",https://www.viki.com/tv/38290c-why-her,99,9.49,55384,5,2021-12-10T02:51:05Z,kr
"Reborn Rich","财阀家的小儿子",https://www.viki.com/tv/38899c-reborn-rich,100,9.53,64605,57,2022-10-12T07:40:24Z,kr
"Roommates of Poongduck 304","风德住宅304号的事因",https://www.viki.com/tv/38790c-roommates-of-poongduck-304,100,9.44,35000,6,2022-08-26T01:37:05Z,kr
"Backstreet Rookie","便利店新星",https://www.viki.com/tv/37883c-backstreet-rookie,99,9.19,81947,0,2021-05-31T02:38:18Z,kr
"Happiness","幸福",https://www.viki.com/tv/38039c-happiness,99,9.64,163761,35,2021-08-02T06:44:25Z,kr
"Hwarang: The Poet Warrior Youth","花郎",https://www.viki.com/tv/29810c-hwarang-the-poet-warrior-youth,97,9.66,166151,7,2015-11-02T07:10:54Z,kr
"About Time","想暂停的瞬间",https://www.viki.com/tv/35745c-about-time,100,9.26,46601,32,2017-12-12T05:47:21Z,kr
"The Secret Life of My Secretary","初次见面我爱你",https://www.viki.com/tv/36570c-the-secret-life-of-my-secretary,99,9.41,79027,18,2019-04-12T10:02:45Z,kr
"Empress Ki","奇皇后",https://www.viki.com/tv/37211c-empress-ki,99,9.43,21873,0,2020-06-05T03:19:59Z,kr
"Lovers of the Red Sky","红天机",https://www.viki.com/tv/37634c-lovers-of-the-red-sky,99,9.46,82799,16,2021-01-12T07:59:06Z,kr
"Doctors","Doctors",https://www.viki.com/tv/31066c-doctors,89,9.46,65548,0,2016-02-18T09:58:35Z,kr
"Rich Man, Poor Woman","富贵男与贫穷女",https://www.viki.com/tv/35744c-rich-man-poor-woman,93,9.1,68535,20,2017-12-12T05:47:16Z,kr
"Wok of Love","油腻的Melo",https://www.viki.com/tv/35838c-wok-of-love,99,9.45,51331,6,2018-03-14T04:51:32Z,kr
"Degree of Love","《爱情的温度》",https://www.viki.com/tv/35629c-degree-of-love,99,9.17,9437,0,2017-09-19T08:25:18Z,kr
"Thirty But Seventeen","虽然30但仍17",https://www.viki.com/tv/36109c-thirty-but-seventeen,99,9.62,112282,3,2018-06-14T06:34:17Z,kr
"Playful Kiss","恶作剧之吻",https://www.viki.com/tv/504c-playful-kiss,98,9.27,107674,16,2009-08-12T17:55:31Z,kr
"Bride of the Water God","《河伯的新娘 2017》",https://www.viki.com/tv/35438c-bride-of-the-water-god,99,9.21,97950,23,2017-05-22T06:44:44Z,kr
"High Society","上流社会",https://www.viki.com/tv/27124c-high-society,88,9.04,35378,4,2015-02-25T22:43:51Z,kr
"Kingdom: Legendary War","王国：传奇战争",https://www.viki.com/tv/37746c-kingdom-legendary-war,100,9.64,24083,11,2021-03-23T11:57:18Z,kr
"Touch Your Heart","《触及真心》",https://www.viki.com/tv/36416c-touch-your-heart,100,9.54,128125,34,2018-12-11T09:30:35Z,kr
"BOYS PLANET","少年星球",https://www.viki.com/tv/39288c-boys-planet,86,9.43,11078,12,2023-01-20T06:14:11Z,kr
"Devilish Joy","马成的喜悦",https://www.viki.com/tv/35734c-devilish-joy,99,9.47,50118,16,2017-12-12T05:45:51Z,kr
"Pinocchio","匹诺曹",https://www.viki.com/tv/23066c-pinocchio,99,9.53,93076,18,2014-02-04T20:40:11Z,kr
"The Great Doctor","信义",https://www.viki.com/tv/1058c-the-great-doctor,98,9.32,31626,0,2010-02-15T09:45:47Z,kr
"Shopaholic Louis","购物王路易",https://www.viki.com/tv/32198c-shopaholic-louis,89,9.44,46944,10,2016-05-27T19:51:35Z,kr
"Angel's Last Mission: Love","仅此一次的爱情",https://www.viki.com/tv/36575c-angels-last-mission-love,99,9.54,69618,4,2019-04-23T03:00:30Z,kr
"Color Rush","Color Rush",https://www.viki.com/tv/37605c-color-rush,100,9.41,96109,6,2020-12-17T01:25:28Z,kr
"The Penthouse","The Penthouse",https://www.viki.com/tv/37381c-the-penthouse,99,9.32,66278,2,2020-09-08T07:51:14Z,kr
"Love in the Moonlight","",https://www.viki.com/tv/30308c-love-in-the-moonlight,99,9.61,40350,4,2015-12-24T12:39:05Z,kr
"Clean with Passion for Now","先热情地打扫吧",https://www.viki.com/tv/35747c-clean-with-passion-for-now,99,9.37,103164,0,2017-12-12T05:47:37Z,kr
"Just Between Lovers","无论晴雨",https://www.viki.com/tv/35617c-just-between-lovers,98,9.5,78631,4,2017-09-08T05:56:25Z,kr
"Fated to Love You","命中注定我爱你",https://www.viki.com/tv/23484c-fated-to-love-you,97,9.53,51391,3,2014-03-15T14:39:17Z,kr
"Mr. Queen: The Secret","哲仁皇后：秘密",https://www.viki.com/tv/37688c-mr-queen-the-secret,100,9.42,54480,0,2021-02-05T02:56:51Z,kr
"Personal Taste","个人取向",https://www.viki.com/tv/914c-personal-taste,97,9.31,156147,0,2010-01-11T11:12:41Z,kr
"Be My Boyfriend","合约今天开始",https://www.viki.com/tv/37455c-be-my-boyfriend,100,9.37,108886,2,2020-10-20T01:49:29Z,kr
"Mr. Temporary","临时先生",https://www.viki.com/tv/36621c-mr-temporary,67,9.48,12068,20,2019-05-22T08:00:24Z,kr
"To My Star","致我的明星",https://www.viki.com/tv/37603c-to-my-star,100,9.51,47886,7,2020-12-16T03:00:49Z,kr
"River Where the Moon Rises","《月升之江》",https://www.viki.com/tv/37627c-river-where-the-moon-rises,100,9.36,40303,8,2021-01-08T03:05:03Z,kr
"Now, We Are Breaking Up","现正分手中",https://www.viki.com/tv/38190c-now-we-are-breaking-up,96,8.14,63131,13,2021-10-13T02:32:34Z,kr
"Military Prosecutor Doberman","《Military Prosecutor Doberman》",https://www.viki.com/tv/38377c-military-prosecutor-doberman,100,9.49,37595,5,2022-02-03T08:07:01Z,kr
"Kokdu: Season of Deity","《木偶的季节》",https://www.viki.com/tv/39109c-kokdu-season-of-deity,96,8.91,14847,22,2022-12-16T05:14:26Z,kr
"Doctor John","《医生耀汉》",https://www.viki.com/tv/36646c-doctor-john,99,9.54,52337,28,2019-06-19T01:26:45Z,kr
"Cheese In The Trap","奶酪陷阱",https://www.viki.com/tv/23141c-cheese-in-the-trap,100,8.66,56986,1,2014-02-13T12:13:36Z,kr
"Lawless Lawyer","武法律师",https://www.viki.com/tv/35833c-lawless-lawyer,99,9.52,62693,43,2018-03-14T04:51:31Z,kr
"Coffee Prince","咖啡王子1号店",https://www.viki.com/tv/247c-coffee-prince,99,9.48,44758,0,2009-04-30T17:25:47Z,kr
"My Love Eun Dong","亲爱的恩东",https://www.viki.com/tv/27377c-my-love-eun-dong,89,9.45,24488,2,2015-03-24T20:50:58Z,kr
"All the Liquors","酒类一绝",https://www.viki.com/tv/39149c-all-the-liquors,99,8.93,9654,3,2022-12-27T06:38:18Z,kr
"Dear Fair Lady Kong Shim","美女孔心",https://www.viki.com/tv/30484c-dear-fair-lady-kong-shim,97,9.39,25348,0,2016-01-07T01:19:25Z,kr
"I Miss You","想你",https://www.viki.com/tv/9736c-i-miss-you,94,9.21,24812,0,2012-08-20T03:39:22Z,kr
"The Girl Who Sees Smells","看见味道的少女",https://www.viki.com/tv/26605c-the-girl-who-sees-smells,87,9.32,32692,2,2014-12-24T12:02:59Z,kr
"Absolute Boyfriend","《绝对达令》",https://www.viki.com/tv/35861c-absolute-boyfriend,94,9.13,43381,19,2018-04-11T02:00:33Z,kr
"Where Your Eyes Linger","在你视线停留的地方",https://www.viki.com/tv/37111c-where-your-eyes-linger,100,9.43,61211,3,2020-04-16T08:29:22Z,kr
"Love Class","《爱情课堂》",https://www.viki.com/tv/38741c-love-class,100,8.93,19512,0,2022-07-27T08:27:22Z,kr
"You Make Me Dance","你让我跳舞",https://www.viki.com/tv/37669c-you-make-me-dance,99,9.45,62174,14,2021-01-20T08:45:29Z,kr
"Mouse","Mouse",https://www.viki.com/tv/37678c-mouse,99,9.56,16004,34,2021-01-27T10:11:46Z,kr
"Fight For My Way","三流之路",https://www.viki.com/tv/34479c-fight-for-my-way,100,9.56,102631,2,2017-02-10T23:07:49Z,kr
"Young Actors’ Retreat","青春 MT",https://www.viki.com/tv/38780c-young-actors-retreat,100,9.81,24596,5,2022-08-19T04:09:53Z,kr
"Oh My Ghostess","Oh 我的鬼神君",https://www.viki.com/tv/27709c-oh-my-ghostess,93,9.52,49685,1,2015-04-11T21:30:12Z,kr
"At a Distance, Spring is Green","远看是蔚蓝的春天",https://www.viki.com/tv/35439c-at-a-distance-spring-is-green,100,9.36,95948,21,2017-05-22T06:44:44Z,kr
"Secret Garden","秘密花园",https://www.viki.com/tv/1565c-secret-garden,94,9.36,55275,4,2010-07-10T00:52:44Z,kr
"I'll Go to You When the Weather is Nice","天气好的话，我会去找你",https://www.viki.com/tv/36913c-ill-go-to-you-when-the-weather-is-nice,99,9.32,69907,1,2019-12-19T01:47:00Z,kr
"The Best Hit","最佳的一击",https://www.viki.com/tv/35431c-the-best-hit,100,9.34,35194,1,2017-05-22T06:44:43Z,kr
"The Law Cafe","依法相爱吧",https://www.viki.com/tv/38792c-the-law-cafe,99,9.38,21826,1,2022-08-26T01:50:35Z,kr
"Love Mate","恋爱伴侣",https://www.viki.com/tv/39719c-love-mate,99,9.14,20323,9,2023-04-11T05:58:38Z,kr
"He Is Psychometric","会读心术的那小子",https://www.viki.com/tv/36489c-he-is-psychometric,99,9.51,63950,35,2019-03-05T05:02:14Z,kr
"Queen: Love and War","拣择－女人们的战争",https://www.viki.com/tv/36840c-queen-love-and-war,100,9.36,43734,18,2019-11-13T09:30:34Z,kr
"Gaduri Restaurant","加斗里生鱼片店",https://www.viki.com/tv/37459c-gaduri-restaurant,99,9.25,83695,0,2020-10-20T01:53:51Z,kr
"Oh My Venus","我的维纳斯",https://www.viki.com/tv/28538c-oh-my-venus,99,9.68,154728,5,2015-07-17T08:51:51Z,kr
"Beauty Inside","爱上变身情人",https://www.viki.com/tv/36421c-beauty-inside,99,9.5,57596,0,2018-12-11T09:30:54Z,kr
"Because This Is My First Life","今生是第一次",https://www.viki.com/tv/35630c-because-this-is-my-first-life,96,9.49,63533,32,2017-09-21T08:32:09Z,kr
"Angel Eyes","天使之眼",https://www.viki.com/tv/22452c-angel-eyes,98,9.14,19774,5,2013-12-13T03:54:17Z,kr
"The Time We Were Not in Love","爱你的时间",https://www.viki.com/tv/26594c-the-time-we-were-not-in-love,99,9.14,17082,3,2014-12-22T14:17:15Z,kr
"Memorist","Memorist",https://www.viki.com/tv/36983c-memorist,51,9.44,32972,29,2020-01-21T09:21:02Z,kr
"The Penthouse 2","Penthouse 第二季",https://www.viki.com/tv/37542c-the-penthouse-2,98,9.54,53094,0,2020-12-09T10:56:11Z,kr
"To My Star 2","致我的星星 2",https://www.viki.com/tv/38561c-to-my-star-2,100,9.61,44879,3,2022-05-16T06:09:59Z,kr
"Encounter","男朋友",https://www.viki.com/tv/36239c-encounter,98,9.51,98973,28,2018-08-21T02:54:31Z,kr
"Kissable Lips","想咬一口的嘴唇",https://www.viki.com/tv/38365c-kissable-lips,100,8.74,51581,3,2022-01-20T08:56:47Z,kr
"Semantic Error: The Movie","语意错误",https://www.viki.com/movies/38973c-semantic-error-the-movie,99,9.73,15519,1,2022-11-17T07:33:01Z,kr
"Master's Sun","主君的太阳",https://www.viki.com/tv/11915c-masters-sun,99,9.44,58164,1,2013-01-18T15:06:35Z,kr
"Mr. Heart","Mr. Heart",https://www.viki.com/tv/37272c-mr-heart,99,9.39,62665,5,2020-07-07T05:16:29Z,kr
"I Remember You","记得你",https://www.viki.com/tv/26840c-i-remember-you,94,9.24,44947,1,2015-01-21T18:37:04Z,kr
"School 2017","学校2017",https://www.viki.com/tv/35518c-school-2017,99,9.4,83857,0,2017-06-22T09:20:43Z,kr
"Meow, the Secret Boy","喵，秘密男孩",https://www.viki.com/tv/36944c-meow-the-secret-boy,99,9.25,92837,19,2020-01-06T06:34:31Z,kr
"Psychopath Diary","精神病患者日记",https://www.viki.com/tv/36757c-psychopath-diary,99,9.47,21208,29,2019-09-17T02:48:09Z,kr
"Best Mistake","最佳错误",https://www.viki.com/tv/37010c-best-mistake,100,9.24,90264,3,2020-02-18T06:29:10Z,kr
"Mask","假面",https://www.viki.com/tv/26139c-mask,99,9.25,13676,1,2014-11-11T05:11:59Z,kr
"User Not Found","帐户已删除",https://www.viki.com/tv/38228c-user-not-found,99,9.27,20000,0,2021-11-11T01:46:42Z,kr
"My Lovely Boxer","《纯情拳击手》",https://www.viki.com/tv/40091c-my-lovely-boxer,99,9.21,3767,0,2023-08-09T05:03:10Z,kr
"Lie to Me","对我说谎试试",https://www.viki.com/tv/3301c-lie-to-me,97,9.21,39228,0,2011-02-22T01:56:49Z,kr
"Yumi's Cells","柔美的细胞小将",https://www.viki.com/tv/38034c-yumis-cells,99,8.85,70830,27,2021-07-30T06:33:12Z,kr
"D-Day","灾难日来临",https://www.viki.com/tv/27255c-d-day,54,9.53,26646,6,2015-03-11T04:16:01Z,kr
"I Hear Your Voice","听见你的声音",https://www.viki.com/tv/12147c-i-hear-your-voice,98,9.34,44398,11,2013-02-07T01:56:42Z,kr
"Graceful Family","优雅的家",https://www.viki.com/tv/36722c-graceful-family,99,9.33,45247,15,2019-08-13T01:20:34Z,kr
"Radio Romance","广播罗曼史",https://www.viki.com/tv/35737c-radio-romance,98,9.23,21454,24,2017-12-12T05:46:07Z,kr
"Reply 1988","请回答1988",https://www.viki.com/tv/26576c-reply-1988,92,9.73,36254,0,2014-12-20T10:57:57Z,kr
"Falling for Innocence","陷入纯情",https://www.viki.com/tv/26491c-falling-for-innocence,96,9.44,20119,4,2014-12-11T11:41:57Z,kr
"The Moon Embracing the Sun","拥抱太阳的月亮",https://www.viki.com/tv/2130c-the-moon-embracing-the-sun,87,9.53,33728,0,2010-11-06T14:02:19Z,kr
"Oh! Boarding House","《Oh! Boarding House》",https://www.viki.com/tv/38366c-oh-boarding-house,100,8.81,19911,2,2022-01-20T08:57:15Z,kr
"Fates and Furies","命运与愤怒",https://www.viki.com/tv/36240c-fates-and-furies,100,9.08,17569,11,2018-08-21T02:54:35Z,kr
"Shining Inheritance","灿烂的遗产",https://www.viki.com/tv/270c-shining-inheritance,78,9.24,21357,0,2009-05-10T23:53:53Z,kr
"You're Beautiful","原来是美男啊",https://www.viki.com/tv/442c-youre-beautiful,95,9.35,38181,0,2009-07-27T14:04:48Z,kr
"The Witch's Diner","魔女食堂",https://www.viki.com/tv/37756c-the-witchs-diner,100,9.32,25945,10,2021-03-26T08:38:33Z,kr
"Warrior Baek Dong Soo","",https://www.viki.com/tv/3407c-warrior-baek-dong-soo,98,9.2,7255,0,2011-03-03T01:11:53Z,kr
"Rooftop Prince","屋塔房王世子",https://www.viki.com/tv/6784c-rooftop-prince,98,9.35,23666,0,2012-01-06T00:28:09Z,kr
"The Last Empress","皇后的品格",https://www.viki.com/tv/36241c-the-last-empress,99,9.27,21812,21,2018-08-21T02:54:40Z,kr
"Remember","儿子的战争",https://www.viki.com/tv/29411c-remember,100,9.33,17873,0,2015-10-10T12:06:56Z,kr
"Grand Prince","大君",https://www.viki.com/tv/35743c-grand-prince,99,9.35,19352,45,2017-12-12T05:47:04Z,kr
"Yumi's Cells 2","柔美的细胞小将 2",https://www.viki.com/tv/38564c-yumis-cells-2,100,9.25,26140,16,2022-05-19T06:14:40Z,kr
"Once Again","穿越时空再见你",https://www.viki.com/tv/38789c-once-again,99,9.37,7302,2,2022-08-26T01:35:55Z,kr
"Today's Webtoon","今日的网漫",https://www.viki.com/tv/38643c-todays-webtoon,100,9.2,23399,5,2022-06-15T08:02:43Z,kr
"Love Revolution","恋爱革命",https://www.viki.com/tv/37324c-love-revolution,100,9.36,80171,11,2020-08-18T02:22:34Z,kr
"Seasons of Blossom","恋爱的季节",https://www.viki.com/tv/38783c-seasons-of-blossom,100,9.53,12256,5,2022-08-22T02:16:17Z,kr
"My Lovely Girl","对我而言可爱的她",https://www.viki.com/tv/24522c-my-lovely-girl,97,8.79,20959,11,2014-06-26T19:54:46Z,kr
"Il Ji Mae","一枝梅",https://www.viki.com/tv/1c-il-ji-mae,72,9.23,7394,0,2008-05-29T09:19:39Z,kr
"Hyde, Jekyll, Me","海德、哲基尔与我",https://www.viki.com/tv/25824c-hyde-jekyll-me,100,9.27,25403,13,2014-10-07T03:57:05Z,kr
"Blue Birthday","忧鬱生日",https://www.viki.com/tv/38012c-blue-birthday,100,9.52,26979,1,2021-07-20T07:40:25Z,kr
"Protect the Boss","守护boss",https://www.viki.com/tv/4407c-protect-the-boss,99,9.16,15190,1,2011-06-02T07:21:14Z,kr
"Heartstrings","你为我着迷",https://www.viki.com/tv/3327c-heartstrings,99,9.46,41561,1,2011-02-24T04:58:14Z,kr
"You're All Surrounded","你们被包围了",https://www.viki.com/tv/22633c-youre-all-surrounded,98,9.48,16186,0,2013-12-30T11:42:29Z,kr
"Sungkyunkwan Scandal","成均馆绯闻",https://www.viki.com/tv/1205c-sungkyunkwan-scandal,100,9.44,26048,0,2010-04-07T11:06:00Z,kr
"Moorim School","武林学校",https://www.viki.com/tv/27773c-moorim-school,99,9.4,28442,0,2015-04-18T00:55:02Z,kr
"Watcher","Watcher",https://www.viki.com/tv/36620c-watcher,100,9.38,14163,29,2019-05-22T08:00:19Z,kr
"The Devil Judge","恶魔法官",https://www.viki.com/tv/37789c-the-devil-judge,97,9.7,44985,28,2021-04-20T01:47:03Z,kr
"The King Loves","恋爱中的王",https://www.viki.com/tv/33338c-the-king-loves,96,8.83,16833,3,2016-09-21T02:43:25Z,kr
"Mirror of the Witch","魔女宝鑑",https://www.viki.com/tv/31011c-mirror-of-the-witch,100,9,19421,10,2016-02-16T14:28:08Z,kr
"Ghost","幽灵",https://www.viki.com/tv/8112c-ghost,89,9.33,7567,0,2012-05-09T09:13:23Z,kr
"Color Rush 2","Color Rush 遇见你之后 2",https://www.viki.com/tv/38313c-color-rush-2,100,8.49,24927,12,2021-12-23T06:51:57Z,kr
"Entertainer","戏子",https://www.viki.com/tv/31039c-entertainer,97,9.35,10283,1,2016-02-18T05:32:32Z,kr
"A Beautiful Mind","弗兰肯斯坦医生",https://www.viki.com/tv/25909c-a-beautiful-mind,97,9.42,21286,0,2014-10-16T05:26:49Z,kr
"The Gang Doctor","龙八夷",https://www.viki.com/tv/27693c-the-gang-doctor,94,9.3,10830,1,2015-04-09T05:04:42Z,kr
"Blood","吸血鬼医生",https://www.viki.com/tv/24437c-blood,94,9.02,45134,0,2014-06-18T15:10:37Z,kr
"Bad Girlfriend","Bad Girlfriend",https://www.viki.com/tv/38634c-bad-girlfriend,99,6.88,4009,7,2022-06-15T01:25:17Z,kr
"The Tale of Nokdu","朝鲜浪漫喜剧–绿豆传",https://www.viki.com/tv/36680c-the-tale-of-nokdu,99,9.44,65606,39,2019-07-16T09:16:44Z,kr
"Who Are You","学校2015",https://www.viki.com/tv/27117c-who-are-you,99,9.34,53475,0,2015-02-25T15:16:24Z,kr
"Our Dating Sim (Movie)","我们的模拟恋爱（电影）",https://www.viki.com/movies/39575c-our-dating-sim-movie,100,9.46,4129,0,2023-02-16T02:40:00Z,kr
"Man to Man","Man to Man",https://www.viki.com/tv/39778c-man-to-man,99,9.31,1933,0,2023-04-25T04:56:32Z,kr
"Awaken","日与夜",https://www.viki.com/tv/37479c-awaken,99,9.42,16237,37,2020-11-04T05:52:51Z,kr
"Full House Take 2","浪漫满屋2",https://www.viki.com/tv/536c-full-house-take-2,91,9.14,5940,0,2009-08-21T21:02:28Z,kr
"Summer Strike","夏日大罢工",https://www.viki.com/tv/38861c-summer-strike,99,9.28,25828,0,2022-09-27T05:19:46Z,kr
"Madly in Love","",https://www.viki.com/tv/20932c-madly-in-love,98,8.3,1003,0,2013-08-06T02:29:28Z,kr
"Happy Merry Ending","婚礼心旋律",https://www.viki.com/tv/39737c-happy-merry-ending,100,8.96,5237,0,2023-04-12T05:14:35Z,kr
"Welcome to Waikiki S2","加油吧威基基 2",https://www.viki.com/tv/36449c-welcome-to-waikiki-s2,96,9.46,25041,2,2019-01-07T06:28:00Z,kr
"Page Turner","翻转人生",https://www.viki.com/tv/28056c-page-turner,100,9.28,17635,0,2015-05-20T08:23:21Z,kr
"Wish You : Your Melody From My Heart","Wish You：我心中你的旋律",https://www.viki.com/tv/37486c-wish-you-your-melody-from-my-heart,100,9.24,66213,8,2020-11-10T11:20:07Z,kr
"How To Be Thirty","刚刚三十岁",https://www.viki.com/tv/37325c-how-to-be-thirty,100,7.96,24382,4,2020-08-18T02:23:02Z,kr
"Beyond Evil","怪物",https://www.viki.com/tv/37765c-beyond-evil,96,9.57,17430,0,2021-04-01T11:10:31Z,kr
"Poong, The Joseon Psychiatrist","朝鲜精神科医师刘世丰",https://www.viki.com/tv/38743c-poong-the-joseon-psychiatrist,99,9.18,15098,26,2022-07-28T02:44:04Z,kr
"Cheer Up!","无理的前进",https://www.viki.com/tv/28848c-cheer-up,99,9.51,31631,5,2015-08-12T21:35:29Z,kr
"Goodbye Mr. Black","再见布莱克先生",https://www.viki.com/tv/28665c-goodbye-mr-black,100,9.36,10381,5,2015-07-29T03:01:51Z,kr
"The Scent of a Woman","",https://www.viki.com/tv/4041c-the-scent-of-a-woman,82,9.43,14349,1,2011-05-11T20:54:35Z,kr
"Splash Splash Love","扑通扑通LOVE",https://www.viki.com/tv/29455c-splash-splash-love,100,9.52,62261,0,2015-10-13T18:31:44Z,kr
"Pop Out Boy!","漫撕男女",https://www.viki.com/tv/38020c-pop-out-boy,100,9.17,10893,0,2021-07-21T05:56:06Z,kr
"The Royal Gambler","大发",https://www.viki.com/tv/30213c-the-royal-gambler,54,9.38,5836,0,2015-12-16T18:57:05Z,kr
"Hi! School - Love On","爱在高中",https://www.viki.com/tv/23987c-hi-school-love-on,91,9.39,22572,4,2014-04-29T10:41:09Z,kr
"Orange Marmalade","橘子果酱",https://www.viki.com/tv/26963c-orange-marmalade,97,8.91,20743,2,2015-02-09T08:24:53Z,kr
"Ocean Likes Me","喜欢我的海 (Ocean Likes Me)",https://www.viki.com/tv/38367c-ocean-likes-me,99,8.7,12529,2,2022-01-20T08:57:31Z,kr
"Moment of Eighteen","十八岁的瞬间",https://www.viki.com/tv/36633c-moment-of-eighteen,99,9.39,28241,2,2019-06-07T05:23:27Z,kr
"Queen for Seven Days","七日的王妃",https://www.viki.com/tv/35042c-queen-for-seven-days,98,9.27,15207,3,2017-03-26T08:14:59Z,kr
"The Tasty Florida","佛罗里达饭店",https://www.viki.com/tv/38119c-the-tasty-florida,99,9.24,23048,1,2021-09-14T01:53:13Z,kr
"I Order You","为你点餐",https://www.viki.com/tv/27842c-i-order-you,100,9.1,13332,3,2015-04-24T05:25:24Z,kr
"When Time Stopped","时间停止的瞬间",https://www.viki.com/tv/36111c-when-time-stopped,99,9.01,29559,17,2018-06-14T06:34:40Z,kr
"K-POP Extreme Survival","",https://www.viki.com/tv/7209c-k-pop-extreme-survival,99,8.93,9473,0,2012-02-18T02:48:54Z,kr
"Reply 1997","请回答1997",https://www.viki.com/tv/9462c-reply-1997,97,9.24,12967,0,2012-07-29T00:30:09Z,kr
"The Great Shaman Ga Doo Shim","大萨满 Ga Doo Shim",https://www.viki.com/tv/38011c-the-great-shaman-ga-doo-shim,100,9.23,22324,19,2021-07-20T07:00:08Z,kr
"Fantasy Boys","《Fantasy Boys 》",https://www.viki.com/tv/39662c-fantasy-boys,100,7.7,1258,0,2023-03-22T09:02:28Z,kr
"The Package","遇见爱",https://www.viki.com/tv/36427c-the-package,95,9.39,8834,0,2018-12-11T09:31:17Z,kr
"Suspicious Housekeeper","",https://www.viki.com/tv/20759c-suspicious-housekeeper,95,9.17,4769,0,2013-07-20T16:22:06Z,kr
"Good Doctor","良医",https://www.viki.com/tv/20218c-good-doctor,82,9.6,12533,2,2013-05-21T06:58:20Z,kr
"My Girlfriend Is a Gumiho","我的女友是九尾狐",https://www.viki.com/tv/956c-my-girlfriend-is-a-gumiho,97,9.28,12615,0,2010-01-25T11:27:35Z,kr
"Andante","《Andante》",https://www.viki.com/tv/38462c-andante,100,9.1,2238,1,2022-04-01T02:57:08Z,kr
"School 2013","学校2013",https://www.viki.com/tv/10704c-school-2013,100,9.31,19032,0,2012-10-10T19:45:40Z,kr
"Tinted With You","《Tinted With You》",https://www.viki.com/tv/38120c-tinted-with-you,100,8.93,17156,9,2021-09-14T01:59:32Z,kr
"My Princess","我的公主",https://www.viki.com/tv/1254c-my-princess,100,9.22,14612,0,2010-04-22T11:59:55Z,kr
"Sex Is Zero","色即是空",https://www.viki.com/movies/6242c-sex-is-zero,96,7.08,7174,0,2011-11-10T18:02:34Z,kr
"Good Casting","《Good Casting》",https://www.viki.com/tv/36750c-good-casting,99,9.28,10160,19,2019-09-17T02:47:33Z,kr
"Scripting Your Destiny","书写你的命运 (Scripting Your Destiny)",https://www.viki.com/tv/37725c-scripting-your-destiny,99,8.94,15559,5,2021-03-10T11:26:48Z,kr
"Jirisan","智异山",https://www.viki.com/tv/37881c-jirisan,99,9.47,16155,2,2021-05-31T02:20:10Z,kr
"Your Honor","致亲爱的法官大人",https://www.viki.com/tv/36113c-your-honor,99,9.39,10578,2,2018-06-14T06:40:03Z,kr
"One Fine Week","仅七天的浪漫",https://www.viki.com/tv/37135c-one-fine-week,94,9.25,17999,0,2020-05-06T08:56:51Z,kr
"Melancholia","忧鬱症",https://www.viki.com/tv/38037c-melancholia,100,9.26,13217,5,2021-08-02T06:44:17Z,kr
"Train","火车",https://www.viki.com/tv/37074c-train,100,9.3,14916,19,2020-03-19T09:27:58Z,kr
"Radiant","Radiant",https://www.viki.com/tv/36415c-radiant,99,9.15,20814,1,2018-12-11T09:30:31Z,kr
"A Time to Remember","时间的记忆",https://www.viki.com/tv/38323c-a-time-to-remember,99,7.66,2107,0,2021-12-27T05:36:02Z,kr
"I Hate You Juliet","讨厌你，朱丽叶",https://www.viki.com/tv/36477c-i-hate-you-juliet,100,8.99,9074,0,2019-02-15T05:40:12Z,kr
"Poong, The Joseon Psychiatrist 2","《朝鲜精神科医师刘世丰 2》",https://www.viki.com/tv/39121c-poong-the-joseon-psychiatrist-2,100,9.48,8477,18,2022-12-20T09:41:07Z,kr
"Sell Your Haunted House","大发不动產",https://www.viki.com/tv/37760c-sell-your-haunted-house,99,9.47,26075,32,2021-03-29T06:02:31Z,kr
"Love Alert","心动警报",https://www.viki.com/tv/36299c-love-alert,99,8.55,8650,8,2018-09-13T03:19:31Z,kr
"Go Back Couple","《Go Back 夫妇》",https://www.viki.com/tv/35637c-go-back-couple,99,9.54,18284,11,2017-09-28T06:03:21Z,kr
"Best Mistake 2","被不良少年盯上 2",https://www.viki.com/tv/37460c-best-mistake-2,99,9.37,44292,0,2020-10-20T01:54:38Z,kr
"My Mister","我的大叔",https://www.viki.com/tv/35740c-my-mister,99,9.65,14889,29,2017-12-12T05:46:22Z,kr
"Peng","砰",https://www.viki.com/tv/38013c-peng,100,8.15,7679,2,2021-07-21T05:51:49Z,kr
"Youth of May","《五月的青春》",https://www.viki.com/tv/37807c-youth-of-may,100,9.5,20612,24,2021-04-27T01:10:49Z,kr
"All about My Mom","拜托了，妈妈",https://www.viki.com/tv/28071c-all-about-my-mom,84,9.53,4179,1,2015-05-20T13:16:34Z,kr
"Sweden Laundry","瑞典洗衣店",https://www.viki.com/tv/25963c-sweden-laundry,99,8.43,1645,4,2014-10-23T18:58:21Z,kr
"Wish You : Your Melody From My Heart (Movie)","Wish You：我心中你的旋律",https://www.viki.com/movies/37487c-wish-you-your-melody-from-my-heart-movie,100,9.32,32190,0,2020-11-10T11:25:08Z,kr
"The Tasty Florida (Movie)","佛罗里达饭店（电影）",https://www.viki.com/movies/38131c-the-tasty-florida-movie,100,9.33,13781,0,2021-09-15T08:10:16Z,kr
"Nightmare Teacher","噩梦老师",https://www.viki.com/tv/29226c-nightmare-teacher,100,9.07,14482,1,2015-09-19T12:16:05Z,kr
"Misty","Misty",https://www.viki.com/tv/36426c-misty,96,9.07,3966,0,2018-12-11T09:31:13Z,kr
"Phantom School","幽灵学校",https://www.viki.com/tv/38476c-phantom-school,100,8.64,2028,4,2022-04-07T01:48:27Z,kr
"One Fine Week 2","仅七天的浪漫 2",https://www.viki.com/tv/37456c-one-fine-week-2,99,9.27,11688,0,2020-10-20T01:50:42Z,kr
"Bel Ami","漂亮男人",https://www.viki.com/tv/20416c-bel-ami,97,8.66,7566,0,2013-06-18T03:48:40Z,kr
"Melo Is My Nature","Melo Is My Nature",https://www.viki.com/tv/36634c-melo-is-my-nature,99,9.2,7755,1,2019-06-07T05:26:17Z,kr
"Mimicus","模仿者 (Mimicus)",https://www.viki.com/tv/38569c-mimicus,100,9.21,3663,19,2022-05-25T07:07:25Z,kr
"Imaginary Cat","想象猫咪",https://www.viki.com/tv/29392c-imaginary-cat,93,9.12,8756,3,2015-10-08T02:55:59Z,kr
"Glorious Day","",https://www.viki.com/tv/23308c-glorious-day,99,9.43,1457,0,2014-02-28T05:18:27Z,kr
"Lovers of Music","Trot恋人",https://www.viki.com/tv/23611c-lovers-of-music,71,9.22,3983,0,2014-03-29T04:28:59Z,kr
"Panda and Hedgehog","熊猫小姐和刺猬",https://www.viki.com/tv/7776c-panda-and-hedgehog,99,9.02,5146,0,2012-04-05T03:38:55Z,kr
"Tinted With You (Movie)","《Tinted With You》（电影）",https://www.viki.com/movies/38142c-tinted-with-you-movie,100,9,5264,0,2021-09-16T05:10:04Z,kr
"Police University","警察课程",https://www.viki.com/tv/37948c-police-university,89,9.31,14480,29,2021-07-08T08:36:27Z,kr
"SKY Castle","《天空之城》",https://www.viki.com/tv/36348c-sky-castle,95,9.55,17137,0,2018-11-05T09:55:24Z,kr
"Heard It Through the Grapevine","听到传闻",https://www.viki.com/tv/25870c-heard-it-through-the-grapevine,94,8.73,1650,1,2014-10-12T01:43:43Z,kr
"THE Producers","制作人",https://www.viki.com/tv/26853c-the-producers,94,8.63,4820,3,2015-01-22T16:30:43Z,kr
"Where Your Eyes Linger (Movie)","在你视线停留的地方",https://www.viki.com/movies/37281c-where-your-eyes-linger-movie,100,9.39,21293,1,2020-07-13T08:59:51Z,kr
"Color Rush 2 (Movie)","《Color Rush 2》（电影）",https://www.viki.com/movies/38314c-color-rush-2-movie,99,8.4,2770,0,2021-12-23T06:52:13Z,kr
"The Villain of Romance","浪漫反派",https://www.viki.com/tv/39507c-the-villain-of-romance,100,7.78,568,0,2023-02-07T08:38:16Z,kr
"The Man in the Mask","蒙面检察官",https://www.viki.com/tv/26913c-the-man-in-the-mask,79,8.87,1510,0,2015-02-02T15:32:10Z,kr
"2022 SBS Gayo Daejeon","《2022 SBS 歌谣大战》",https://www.viki.com/tv/39090c-2022-sbs-gayo-daejeon,99,9.3,507,0,2022-12-14T08:06:33Z,kr
"Summer Guys","《Summer Guys》",https://www.viki.com/tv/37719c-summer-guys,85,9.01,5573,0,2021-03-04T02:41:33Z,kr
"K-POP GENERATION","《 K-POP 世代》",https://www.viki.com/tv/39287c-k-pop-generation,92,9.02,342,2,2023-01-20T05:55:47Z,kr
"Snow Is on the Sea","《冰雪恋歌》",https://www.viki.com/movies/35805c-snow-is-on-the-sea,100,8.93,9696,0,2018-02-06T01:56:26Z,kr
"Ocean Likes Me (Movie)","喜欢像大海一样的你 (电影)",https://www.viki.com/movies/38370c-ocean-likes-me-movie,99,8.81,1984,0,2022-01-20T10:02:34Z,kr
"Woof & Meow – Do You Love Me?","汪与喵——你爱我吗？",https://www.viki.com/tv/38322c-woof-meow-do-you-love-me,97,8.81,2391,0,2021-12-27T05:35:42Z,kr
"Love & Wish","Love & Wish",https://www.viki.com/tv/38259c-love-wish,99,9.01,12031,1,2021-11-24T06:24:19Z,kr
"The Best Ending","最棒的结局",https://www.viki.com/tv/38017c-the-best-ending,100,8.96,4473,0,2021-07-21T05:54:05Z,kr
"Birdie Buddy","",https://www.viki.com/tv/1007c-birdie-buddy,99,8.37,1046,0,2010-02-05T12:16:23Z,kr
"City Hall","市政厅",https://www.viki.com/tv/249c-city-hall,88,9.48,2152,0,2009-04-30T20:57:15Z,kr
"Pops in Seoul","韩国劲歌传真",https://www.viki.com/tv/24570c-pops-in-seoul,100,8.19,233,0,2014-07-02T03:48:37Z,kr
"Seonam Girls' High School Investigators","",https://www.viki.com/tv/25882c-seonam-girls-high-school-investigators,80,9.29,2388,0,2014-10-13T20:36:33Z,kr
"How to Buy a Friend","契约友情",https://www.viki.com/tv/37076c-how-to-buy-a-friend,99,9.16,3282,0,2020-03-19T09:30:41Z,kr
"All About My Romance","",https://www.viki.com/tv/11247c-all-about-my-romance,96,9.28,1154,0,2012-11-05T08:44:44Z,kr
"Lover of the Palace","Lover of the Palace",https://www.viki.com/tv/37012c-lover-of-the-palace,100,8.02,3255,0,2020-02-18T06:33:10Z,kr
"Be Arrogant","高傲吧",https://www.viki.com/tv/25807c-be-arrogant,86,8.13,1035,10,2014-10-05T05:44:44Z,kr
"Dokgo Rewind","独孤 Rewind",https://www.viki.com/tv/36301c-dokgo-rewind,97,9.4,11883,10,2018-09-13T05:15:04Z,kr
"Boarding House 24","合宿24号房",https://www.viki.com/tv/24873c-boarding-house-24,95,8.78,685,0,2014-08-12T04:26:13Z,kr
"Would You Like a Cup of Coffee?","喝杯咖啡吗？",https://www.viki.com/tv/38194c-would-you-like-a-cup-of-coffee,100,9.34,2327,5,2021-10-18T01:41:33Z,kr
"Rebel Detectives","叛逆侦探",https://www.viki.com/tv/35668c-rebel-detectives,77,9.07,2604,12,2017-10-30T06:24:19Z,kr
"Falling for Challenge","爱上挑战",https://www.viki.com/tv/29359c-falling-for-challenge,99,8.87,4452,0,2015-10-02T11:38:40Z,kr
"My Little Kitchen Season 1","",https://www.viki.com/tv/28607c-my-little-kitchen-season-1,100,9.3,324,0,2015-07-22T11:23:41Z,kr
"Sponsor","《Sponsor》",https://www.viki.com/tv/38379c-sponsor,99,7.57,1642,0,2022-02-09T02:20:44Z,kr
"Traveler 2","Traveler 2",https://www.viki.com/tv/37000c-traveler-2,99,9.76,2607,0,2020-02-11T05:35:50Z,kr
"12th Annual Soompi Awards","",https://www.viki.com/tv/33875c-12th-annual-soompi-awards,99,8.85,97,1,2016-12-14T08:45:43Z,kr
"Cheers To Me","向我干杯",https://www.viki.com/tv/28972c-cheers-to-me,87,6.43,451,0,2015-08-20T21:57:28Z,kr
"The First Shot","《第一杯》",https://www.viki.com/movies/37025c-the-first-shot,100,8.08,1011,0,2020-03-06T06:38:01Z,kr
"Ballerino","芭蕾舞者",https://www.viki.com/tv/29375c-ballerino,100,9.54,1076,0,2015-10-05T03:41:47Z,kr
"Love Between Fairy and Devil","苍兰诀",https://www.viki.com/tv/38664c-love-between-fairy-and-devil,99,9.68,77221,3,2022-06-23T08:12:43Z,cn
"Till the End of the Moon","长月烬明",https://www.viki.com/tv/39703c-till-the-end-of-the-moon,98,9.4,32089,0,2023-04-10T02:25:58Z,cn
"Go Go Squid!","亲爱的，热爱的",https://www.viki.com/tv/36059c-go-go-squid,100,9.58,210376,4,2018-05-10T03:44:37Z,cn
"You Are My Destiny","你是我的命中注定",https://www.viki.com/tv/36951c-you-are-my-destiny,100,9.39,169502,0,2020-01-09T04:16:34Z,cn
"Love O2O","微微一笑很倾城",https://www.viki.com/tv/36373c-love-o2o,96,9.52,107005,0,2018-11-09T03:29:32Z,cn
"Please Feel At Ease Mr. Ling","一不小心捡到爱",https://www.viki.com/tv/37506c-please-feel-at-ease-mr-ling,100,9.43,110421,0,2020-11-19T09:55:59Z,cn
"The Untamed","陈情令",https://www.viki.com/tv/36657c-the-untamed,90,9.82,78464,0,2019-06-27T06:19:30Z,cn
"Cinderella Chef","萌妻食神",https://www.viki.com/tv/36048c-cinderella-chef,99,9.09,15741,0,2018-05-10T03:44:33Z,cn
"The Eternal Love","双世宠妃",https://www.viki.com/tv/35557c-the-eternal-love,100,9.36,40422,0,2017-07-17T03:37:57Z,cn
"Love Between Fairy and Devil","苍兰诀",https://www.viki.com/tv/38664c-love-between-fairy-and-devil,99,9.68,77221,3,2022-06-23T08:12:43Z,cn
"Till the End of the Moon","长月烬明",https://www.viki.com/tv/39703c-till-the-end-of-the-moon,98,9.4,32089,0,2023-04-10T02:25:58Z,cn
"Go Go Squid!","亲爱的，热爱的",https://www.viki.com/tv/36059c-go-go-squid,100,9.58,210376,4,2018-05-10T03:44:37Z,cn
"You Are My Destiny","你是我的命中注定",https://www.viki.com/tv/36951c-you-are-my-destiny,100,9.39,169502,0,2020-01-09T04:16:34Z,cn
"Love O2O","微微一笑很倾城",https://www.viki.com/tv/36373c-love-o2o,96,9.52,107005,0,2018-11-09T03:29:32Z,cn
"Please Feel At Ease Mr. Ling","一不小心捡到爱",https://www.viki.com/tv/37506c-please-feel-at-ease-mr-ling,100,9.43,110421,0,2020-11-19T09:55:59Z,cn
"The Untamed","陈情令",https://www.viki.com/tv/36657c-the-untamed,90,9.82,78464,0,2019-06-27T06:19:30Z,cn
"Cinderella Chef","萌妻食神",https://www.viki.com/tv/36048c-cinderella-chef,99,9.09,15741,0,2018-05-10T03:44:33Z,cn
"The Eternal Love","双世宠妃",https://www.viki.com/tv/35557c-the-eternal-love,100,9.36,40422,0,2017-07-17T03:37:57Z,cn
"Dating in the Kitchen","我喜欢你",https://www.viki.com/tv/37312c-dating-in-the-kitchen,99,9.47,74262,0,2020-08-04T09:08:17Z,cn
"Stay With Me","哥哥你别跑",https://www.viki.com/tv/40010c-stay-with-me,99,9.27,13750,0,2023-07-04T11:20:41Z,cn
"Arsenal Military Academy","烈火军校",https://www.viki.com/tv/36693c-arsenal-military-academy,97,9.51,59351,0,2019-07-17T06:31:43Z,cn
"The Romance of Tiger and Rose","传闻中的陈芊芊",https://www.viki.com/tv/36956c-the-romance-of-tiger-and-rose,99,9.51,60512,0,2020-01-09T04:16:34Z,cn
"Ashes of Love","香蜜沉沉烬如霜",https://www.viki.com/tv/35817c-ashes-of-love,98,9.67,42245,9,2018-02-15T02:41:10Z,cn
"The World Owes Me A First Love","世界欠我一个初恋",https://www.viki.com/tv/36405c-the-world-owes-me-a-first-love,98,9.45,75796,0,2018-12-10T03:14:34Z,cn
"Love Designer","幸福，触手可及",https://www.viki.com/tv/36963c-love-designer,98,9.34,58589,1,2020-01-09T04:16:34Z,cn
"Count Your Lucky Stars","我好喜欢你",https://www.viki.com/tv/36798c-count-your-lucky-stars,100,9.24,36198,1,2019-10-21T09:19:15Z,cn
"Rattan","司藤",https://www.viki.com/tv/37307c-rattan,100,8.99,8262,0,2020-08-04T09:08:17Z,cn
"Word of Honor","山河令",https://www.viki.com/tv/37730c-word-of-honor,99,9.66,18825,1,2021-03-16T02:32:51Z,cn
"Truth or Dare","花好月又圆",https://www.viki.com/tv/37496c-truth-or-dare,100,9.28,28307,0,2020-11-19T09:55:54Z,cn
"Master Devil Do Not Kiss Me Season 1","恶魔少爷别吻我",https://www.viki.com/tv/35579c-master-devil-do-not-kiss-me-season-1,100,9.04,76716,0,2017-08-16T06:11:33Z,cn
"Put Your Head On My Shoulder","致我们暖暖的小时光",https://www.viki.com/tv/36780c-put-your-head-on-my-shoulder,96,9.57,100925,0,2019-10-04T08:03:02Z,cn
"Addicted","上瘾",https://www.viki.com/tv/30705c-addicted,99,9.22,60981,0,2016-01-21T17:52:33Z,cn
"Love Me If You Dare","他来了，请闭眼",https://www.viki.com/tv/29266c-love-me-if-you-dare,97,9.43,31875,20,2015-09-24T21:59:09Z,cn
"The Eternal Love 2","双世宠妃II",https://www.viki.com/tv/36217c-the-eternal-love-2,91,9.51,30119,0,2018-08-07T03:15:19Z,cn
"Go Go Squid 2: Dt, Appledog's Time","我的时代你的时代",https://www.viki.com/tv/37680c-go-go-squid-2-dt-appledogs-time,99,9.22,37247,10,2021-01-27T10:19:34Z,cn
"Love Better Than Immortality","天雷一部之春花秋月",https://www.viki.com/tv/37346c-love-better-than-immortality,100,9.26,23502,0,2020-08-31T08:18:47Z,cn
"Skate into Love","冰糖炖雪梨",https://www.viki.com/tv/36556c-skate-into-love,100,9.56,46984,1,2019-04-10T03:05:34Z,cn
"Court Lady","骊歌行",https://www.viki.com/tv/36555c-court-lady,100,9.23,10511,1,2019-04-10T03:05:34Z,cn
"In A Class of Her Own","漂亮书生",https://www.viki.com/tv/36696c-in-a-class-of-her-own,100,9.38,22622,0,2019-07-17T06:31:44Z,cn
"A Love So Beautiful","致我们单纯的小美好",https://www.viki.com/tv/35692c-a-love-so-beautiful,97,9.38,94297,0,2017-11-03T06:00:14Z,cn
"Twisted Fate of Love","今夕何夕",https://www.viki.com/tv/36766c-twisted-fate-of-love,84,9.13,10589,1,2019-09-25T04:14:35Z,cn
"Way Back into Love","拾光里的我们",https://www.viki.com/tv/37030c-way-back-into-love,100,9.16,19034,0,2020-03-10T08:21:38Z,cn
"Capture Lover","冰糖陷阱",https://www.viki.com/tv/37247c-capture-lover,100,8.14,15399,0,2020-06-24T10:56:12Z,cn
"My Best Ex-Boyfriend","最佳前男友",https://www.viki.com/tv/28818c-my-best-ex-boyfriend,93,9.09,4100,13,2015-08-11T10:31:06Z,cn
"Well Intended Love Season 2","奈何BOSS要娶我 2",https://www.viki.com/tv/37003c-well-intended-love-season-2,99,9.27,33053,7,2020-02-12T08:10:33Z,cn
"Thank You Doctor","谢谢你医生",https://www.viki.com/tv/37041c-thank-you-doctor,100,8.65,2622,0,2020-03-10T08:21:38Z,cn
"First Romance","初恋了那么多年",https://www.viki.com/tv/37259c-first-romance,100,9.26,72801,0,2020-06-29T09:20:11Z,cn
"A Little Thing Called First Love","初恋那件小事",https://www.viki.com/tv/36499c-a-little-thing-called-first-love,100,9.51,43434,10,2019-03-11T03:10:28Z,cn
"The Eternal Love 3","双世宠妃III",https://www.viki.com/tv/38698c-the-eternal-love-3,96,9.25,3139,0,2022-07-13T09:12:59Z,cn
"Ni Chang","小女霓裳",https://www.viki.com/tv/37508c-ni-chang,99,9.16,6353,1,2020-11-19T09:56:00Z,cn
"Cinderella Chef","萌妻食神",https://www.viki.com/tv/39839c-cinderella-chef,100,9.29,2517,0,2023-05-10T09:13:29Z,cn
"Crocodile and The Plover Bird","鳄鱼与牙签鸟",https://www.viki.com/tv/36168c-crocodile-and-the-plover-bird,93,9.15,5183,0,2018-07-18T02:41:25Z,cn
"Prodigy Healer","青囊传",https://www.viki.com/tv/36673c-prodigy-healer,99,8.6,10204,0,2019-07-11T02:33:25Z,cn
"I'm a Pet At Dali Temple","我在大理寺当宠物",https://www.viki.com/tv/38022c-im-a-pet-at-dali-temple,93,8.88,18736,0,2021-07-21T09:05:51Z,cn
"Meeting You","谢谢让我遇见你",https://www.viki.com/tv/37647c-meeting-you,99,9.35,14787,0,2021-01-13T10:38:52Z,cn
"I Cannot Hug You","无法拥抱的你",https://www.viki.com/tv/35710c-i-cannot-hug-you,100,9.02,20458,0,2017-12-05T08:17:25Z,cn
"Love Script","她和他的恋爱剧本",https://www.viki.com/tv/37648c-love-script,99,9.28,13639,0,2021-01-13T10:38:52Z,cn
"Scarlet Heart 2","步步惊情",https://www.viki.com/tv/12747c-scarlet-heart-2,55,8.3,3626,0,2013-04-03T05:41:57Z,cn
"Su Yu","萦萦夙语亦难求",https://www.viki.com/tv/37275c-su-yu,100,8.91,8543,0,2020-07-08T13:01:40Z,cn
"Cinderella Chef 2","萌妻食神 2",https://www.viki.com/tv/39840c-cinderella-chef-2,100,9.49,1242,0,2023-05-10T09:13:59Z,cn
"Flipped","喜欢你时风好甜",https://www.viki.com/tv/36445c-flipped,100,8.3,6662,0,2019-01-07T03:54:25Z,cn
"My Sunshine (Director's Cut)","何以笙箫默",https://www.viki.com/tv/29015c-my-sunshine-directors-cut,83,9,6217,4,2015-08-24T08:47:28Z,cn
"Across the Ocean to See You","漂洋过海来看你",https://www.viki.com/tv/33665c-across-the-ocean-to-see-you,100,9.23,6764,8,2016-11-14T03:26:13Z,cn
"Gourmet in Tang Dynasty","大唐小吃货",https://www.viki.com/tv/37956c-gourmet-in-tang-dynasty,99,8.63,4238,0,2021-07-09T03:49:01Z,cn
"Dear Prince","亲爱的王子大人",https://www.viki.com/tv/35601c-dear-prince,100,8.88,9095,2,2017-09-08T03:34:04Z,cn
"Marvelous Women","当家主母",https://www.viki.com/tv/38208c-marvelous-women,100,9.38,2030,0,2021-10-29T04:33:59Z,cn
"Ode to Joy","欢乐颂",https://www.viki.com/tv/30127c-ode-to-joy,64,9.1,2420,1,2015-12-06T15:07:41Z,cn
"Serendipity","偶然闯入的世界",https://www.viki.com/tv/38049c-serendipity,100,9.14,3205,0,2021-08-04T08:43:03Z,cn
"The Palace","宫锁沉香",https://www.viki.com/movies/36272c-the-palace,72,9.02,4604,0,2018-09-07T08:42:32Z,cn
"The Investiture of the Gods","封神英雄榜",https://www.viki.com/tv/26635c-the-investiture-of-the-gods,100,7.05,366,0,2014-12-31T00:15:12Z,cn
"Give Seven Days","换爱七日",https://www.viki.com/movies/31965c-give-seven-days,100,8.49,2297,0,2016-05-12T08:15:48Z,cn
"Heroic Journey of Ne Zha","哪吒降妖记",https://www.viki.com/tv/37199c-heroic-journey-of-ne-zha,100,8.68,1197,1,2020-05-22T08:21:41Z,cn
"Tokyo in April is…","4 月的东京…",https://www.viki.com/tv/39909c-tokyo-in-april-is,100,9.3,16657,1,2023-06-05T09:39:58Z,jp
"An Incurable Case of Love","恋爱可以持续到天长地久",https://www.viki.com/tv/38087c-an-incurable-case-of-love,100,9.51,118750,0,2021-08-18T02:39:44Z,jp
"Kakafukaka","可以不可以",https://www.viki.com/tv/36906c-kakafukaka,100,8.16,112807,0,2019-12-16T05:49:45Z,jp
"Candy Color Paradox","糖果色的恋爱反论",https://www.viki.com/tv/38978c-candy-color-paradox,99,9.14,34078,1,2022-11-21T09:31:15Z,jp
"Coffee & Vanilla","咖啡遇上香草",https://www.viki.com/tv/36905c-coffee-vanilla,100,9.01,222125,0,2019-12-16T05:49:45Z,jp
"Mr. Unlucky Has No Choice but to Kiss!","《Mr. Unlucky Has No Choice but to Kiss!》",https://www.viki.com/tv/38463c-mr-unlucky-has-no-choice-but-to-kiss,100,9.26,51171,1,2022-04-01T06:30:12Z,jp
"Takara-kun & Amagi-kun","高良君与天城君",https://www.viki.com/tv/38736c-takara-kun-amagi-kun,98,9.23,53309,0,2022-07-26T02:52:15Z,jp
"Mischievous Kiss: Love in TOKYO","恶作剧之吻：爱在东京",https://www.viki.com/tv/22593c-mischievous-kiss-love-in-tokyo,94,9.26,57331,0,2013-12-27T10:32:24Z,jp
"My Love Mix-Up!","被擦掉的初恋",https://www.viki.com/tv/38218c-my-love-mix-up,100,9.46,53221,0,2021-11-08T06:53:10Z,jp
"My Beautiful Man","美丽的他",https://www.viki.com/tv/38232c-my-beautiful-man,100,9.29,74539,2,2021-11-12T02:12:06Z,jp
"Mischievous Kiss 2: Love in TOKYO","恶作剧之吻2：爱在东京",https://www.viki.com/tv/25563c-mischievous-kiss-2-love-in-tokyo,93,9.55,64153,4,2014-09-05T02:35:42Z,jp
"Senpai, This Can't be Love!","前辈，这不叫恋爱！",https://www.viki.com/tv/38464c-senpai-this-cant-be-love,100,8.71,19982,1,2022-04-01T06:30:22Z,jp
"Old Fashion Cupcake","《经典杯子蛋糕》",https://www.viki.com/tv/38580c-old-fashion-cupcake,99,9.36,36073,2,2022-06-07T04:52:37Z,jp
"Tokyo in April is…","4 月的东京…",https://www.viki.com/tv/39909c-tokyo-in-april-is,100,9.3,16657,1,2023-06-05T09:39:58Z,jp
"An Incurable Case of Love","恋爱可以持续到天长地久",https://www.viki.com/tv/38087c-an-incurable-case-of-love,100,9.51,118750,0,2021-08-18T02:39:44Z,jp
"Kakafukaka","可以不可以",https://www.viki.com/tv/36906c-kakafukaka,100,8.16,112807,0,2019-12-16T05:49:45Z,jp
"Candy Color Paradox","糖果色的恋爱反论",https://www.viki.com/tv/38978c-candy-color-paradox,99,9.14,34078,1,2022-11-21T09:31:15Z,jp
"Coffee & Vanilla","咖啡遇上香草",https://www.viki.com/tv/36905c-coffee-vanilla,100,9.01,222125,0,2019-12-16T05:49:45Z,jp
"Mr. Unlucky Has No Choice but to Kiss!","《Mr. Unlucky Has No Choice but to Kiss!》",https://www.viki.com/tv/38463c-mr-unlucky-has-no-choice-but-to-kiss,100,9.26,51171,1,2022-04-01T06:30:12Z,jp
"Takara-kun & Amagi-kun","高良君与天城君",https://www.viki.com/tv/38736c-takara-kun-amagi-kun,98,9.23,53309,0,2022-07-26T02:52:15Z,jp
"Mischievous Kiss: Love in TOKYO","恶作剧之吻：爱在东京",https://www.viki.com/tv/22593c-mischievous-kiss-love-in-tokyo,94,9.26,57331,0,2013-12-27T10:32:24Z,jp
"My Love Mix-Up!","被擦掉的初恋",https://www.viki.com/tv/38218c-my-love-mix-up,100,9.46,53221,0,2021-11-08T06:53:10Z,jp
"My Beautiful Man","美丽的他",https://www.viki.com/tv/38232c-my-beautiful-man,100,9.29,74539,2,2021-11-12T02:12:06Z,jp
"Mischievous Kiss 2: Love in TOKYO","恶作剧之吻2：爱在东京",https://www.viki.com/tv/25563c-mischievous-kiss-2-love-in-tokyo,93,9.55,64153,4,2014-09-05T02:35:42Z,jp
"Senpai, This Can't be Love!","前辈，这不叫恋爱！",https://www.viki.com/tv/38464c-senpai-this-cant-be-love,100,8.71,19982,1,2022-04-01T06:30:22Z,jp
"Old Fashion Cupcake","《经典杯子蛋糕》",https://www.viki.com/tv/38580c-old-fashion-cupcake,99,9.36,36073,2,2022-06-07T04:52:37Z,jp
"Perfect Crime","完美犯罪",https://www.viki.com/tv/38638c-perfect-crime,100,8.51,10756,0,2022-06-15T08:02:42Z,jp
"You’re My Pet - Kimi Wa Petto","宠物情人",https://www.viki.com/tv/35651c-youre-my-pet-kimi-wa-petto,98,9.17,23527,0,2017-10-12T03:53:12Z,jp
"A Man Who Defies the World of BL","绝对会变成 BL 的世界 VS 绝不想变成 BL​ 的男人",https://www.viki.com/tv/37904c-a-man-who-defies-the-world-of-bl,100,9.06,54217,1,2021-06-22T05:37:08Z,jp
"Life~Love on the Line","Life 线上的我们",https://www.viki.com/tv/37127c-lifelove-on-the-line,100,9.48,59351,1,2020-04-27T08:44:50Z,jp
"Three Dads","三个奶爸",https://www.viki.com/tv/39735c-three-dads,100,9.41,2111,0,2023-04-11T08:58:07Z,jp
"A Man Who Defies The World of BL 2","《A Man Who Defies The World of BL 2》",https://www.viki.com/tv/38419c-a-man-who-defies-the-world-of-bl-2,100,9.16,10905,1,2022-03-07T05:59:14Z,jp
"My Little Lover - Minami Kun No Koibito","阿南的小情人",https://www.viki.com/tv/29377c-my-little-lover-minami-kun-no-koibito,100,9.33,14349,0,2015-10-05T05:21:08Z,jp
"Princess Jellyfish","海月姬",https://www.viki.com/tv/37512c-princess-jellyfish,96,8.74,5423,0,2020-11-20T06:28:27Z,jp
"36,000 Seconds in a Day","一天 36,000 秒",https://www.viki.com/tv/38948c-36000-seconds-in-a-day,100,8.49,243,0,2022-11-04T04:13:22Z,jp
"Is Love Sustainable?","持续可能的恋爱？",https://www.viki.com/tv/39727c-is-love-sustainable,100,9.12,1058,0,2023-04-11T08:56:50Z,jp
"Hakuouki SSL: Sweet School Life","《薄樱鬼SSL ～ sweet school life ～》",https://www.viki.com/tv/35654c-hakuouki-ssl-sweet-school-life,98,8.42,4822,0,2017-10-12T05:42:27Z,jp
"Master's Daughter","教主的女儿",https://www.viki.com/tv/39328c-masters-daughter,100,8.31,2238,0,2023-01-25T10:01:13Z,jp
"Kakafukaka Special","可以不可以特别节目",https://www.viki.com/movies/37015c-kakafukaka-special,100,6.27,2482,0,2020-02-26T04:58:08Z,jp
"INFLUENCE","影响",https://www.viki.com/tv/37860c-influence,100,9.27,2457,0,2021-05-17T15:18:19Z,jp
"I Am Reiko Shiratori! - Shiratori Reiko de Gozaimasu!","《本小姐乃白鸟丽子》",https://www.viki.com/tv/35653c-i-am-reiko-shiratori-shiratori-reiko-de-gozaimasu,99,7.34,1468,0,2017-10-12T05:40:57Z,jp
"My Tooth Your Love","我的牙想你",https://www.viki.com/tv/38763c-my-tooth-your-love,100,9.44,19653,2,2022-08-11T01:11:51Z,tw
"HIStory 4: Close to You","HIStory 4: 近距离爱上你",https://www.viki.com/tv/37587c-history-4-close-to-you,99,9.45,40092,24,2020-12-11T10:46:44Z,tw
"Plus and Minus","正負之間",https://www.viki.com/tv/38455c-plus-and-minus,99,9.37,15224,2,2022-03-29T03:47:33Z,tw
"Be Loved in House: I Do","Be Loved in House 约・定～I Do",https://www.viki.com/tv/37794c-be-loved-in-house-i-do,96,9.41,80472,2,2021-04-21T08:27:34Z,tw
"HIStory 3: Trapped","HIStory 3 圈套",https://www.viki.com/tv/36410c-history-3-trapped,99,9.54,83006,1,2018-12-10T03:14:34Z,tw
"HIStory 3: Make Our Days Count","HIStory 3: 那一天",https://www.viki.com/tv/36748c-history-3-make-our-days-count,100,9.13,58027,1,2019-09-16T04:33:46Z,tw
"HIStory 2","HIStory 2",https://www.viki.com/tv/36096c-history-2,100,9.46,56383,0,2018-06-04T05:56:45Z,tw
"Because of You 2020","2020 因为爱你",https://www.viki.com/tv/36971c-because-of-you-2020,99,9.11,78651,8,2020-01-09T09:01:09Z,tw
"Behind Your Smile","浮士德的微笑",https://www.viki.com/tv/33590c-behind-your-smile,78,9.24,37537,9,2016-11-02T02:04:43Z,tw
"Lost Romance","浪漫输给你",https://www.viki.com/tv/37191c-lost-romance,100,9.57,61954,1,2020-05-15T07:38:49Z,tw
"Bromance","爱上哥们",https://www.viki.com/tv/29259c-bromance,80,9.34,14320,14,2015-09-23T17:13:04Z,tw
"Murphy's Law of Love","莫非，这就是爱情",https://www.viki.com/tv/27213c-murphys-law-of-love,93,9.23,17363,70,2015-03-05T22:40:40Z,tw
"Just You","就是要你爱上我",https://www.viki.com/tv/20292c-just-you,79,9.39,15102,1,2013-06-01T08:32:56Z,tw
"Prince of Wolf","狼王子",https://www.viki.com/tv/32140c-prince-of-wolf,100,9.47,23591,9,2016-05-25T05:58:23Z,tw
"See You After Quarantine?","隔离后见个面，好吗？",https://www.viki.com/tv/38114c-see-you-after-quarantine,100,8.99,7964,0,2021-09-10T13:01:16Z,tw
"Fall in Love With Me","爱上两个我",https://www.viki.com/tv/23266c-fall-in-love-with-me,99,9.11,13339,9,2014-02-24T12:17:50Z,tw
"Refresh Man","后菜鸟的灿烂时代",https://www.viki.com/tv/30799c-refresh-man,99,9.34,25930,27,2016-01-28T23:57:57Z,tw
"Love, Now","真爱趁现在",https://www.viki.com/tv/11059c-love-now,57,9.3,7523,0,2012-10-21T03:56:53Z,tw
"My Tooth Your Love","我的牙想你",https://www.viki.com/tv/38763c-my-tooth-your-love,100,9.44,19653,2,2022-08-11T01:11:51Z,tw
"HIStory 4: Close to You","HIStory 4: 近距离爱上你",https://www.viki.com/tv/37587c-history-4-close-to-you,99,9.45,40092,24,2020-12-11T10:46:44Z,tw
"Plus and Minus","正負之間",https://www.viki.com/tv/38455c-plus-and-minus,99,9.37,15224,2,2022-03-29T03:47:33Z,tw
"Be Loved in House: I Do","Be Loved in House 约・定～I Do",https://www.viki.com/tv/37794c-be-loved-in-house-i-do,96,9.41,80472,2,2021-04-21T08:27:34Z,tw
"HIStory 3: Trapped","HIStory 3 圈套",https://www.viki.com/tv/36410c-history-3-trapped,99,9.54,83006,1,2018-12-10T03:14:34Z,tw
"HIStory 3: Make Our Days Count","HIStory 3: 那一天",https://www.viki.com/tv/36748c-history-3-make-our-days-count,100,9.13,58027,1,2019-09-16T04:33:46Z,tw
"HIStory 2","HIStory 2",https://www.viki.com/tv/36096c-history-2,100,9.46,56383,0,2018-06-04T05:56:45Z,tw
"Because of You 2020","2020 因为爱你",https://www.viki.com/tv/36971c-because-of-you-2020,99,9.11,78651,8,2020-01-09T09:01:09Z,tw
"Behind Your Smile","浮士德的微笑",https://www.viki.com/tv/33590c-behind-your-smile,78,9.24,37537,9,2016-11-02T02:04:43Z,tw
"Lost Romance","浪漫输给你",https://www.viki.com/tv/37191c-lost-romance,100,9.57,61954,1,2020-05-15T07:38:49Z,tw
"Bromance","爱上哥们",https://www.viki.com/tv/29259c-bromance,80,9.34,14320,14,2015-09-23T17:13:04Z,tw
"Murphy's Law of Love","莫非，这就是爱情",https://www.viki.com/tv/27213c-murphys-law-of-love,93,9.23,17363,70,2015-03-05T22:40:40Z,tw
"Just You","就是要你爱上我",https://www.viki.com/tv/20292c-just-you,79,9.39,15102,1,2013-06-01T08:32:56Z,tw
"Prince of Wolf","狼王子",https://www.viki.com/tv/32140c-prince-of-wolf,100,9.47,23591,9,2016-05-25T05:58:23Z,tw
"See You After Quarantine?","隔离后见个面，好吗？",https://www.viki.com/tv/38114c-see-you-after-quarantine,100,8.99,7964,0,2021-09-10T13:01:16Z,tw
"Fall in Love With Me","爱上两个我",https://www.viki.com/tv/23266c-fall-in-love-with-me,99,9.11,13339,9,2014-02-24T12:17:50Z,tw
"Refresh Man","后菜鸟的灿烂时代",https://www.viki.com/tv/30799c-refresh-man,99,9.34,25930,27,2016-01-28T23:57:57Z,tw
"Love, Now","真爱趁现在",https://www.viki.com/tv/11059c-love-now,57,9.3,7523,0,2012-10-21T03:56:53Z,tw
"Bro and Me","家教哥哥来我家",https://www.viki.com/tv/37193c-bro-and-me,100,6.79,10152,0,2020-05-15T07:40:02Z,tw
"Amensalism","覆活",https://www.viki.com/tv/37034c-amensalism,93,9.03,3599,0,2020-03-10T08:21:38Z,tw
"Love Around","真爱黑白配",https://www.viki.com/tv/20331c-love-around,90,9.34,4325,1,2013-06-05T02:32:11Z,tw
"Deja Vu","回到爱以前",https://www.viki.com/tv/21785c-deja-vu,63,8.63,1445,0,2013-11-01T02:25:52Z,tw
"Love Cuisine","料理高校生",https://www.viki.com/tv/28445c-love-cuisine,78,9.04,1805,3,2015-07-07T09:10:48Z,tw
"Love in the Air","爱在空气中",https://www.viki.com/tv/38885c-love-in-the-air,99,9.65,53485,0,2022-10-05T02:04:34Z,th
"Cutie Pie","《Cutie Pie》",https://www.viki.com/tv/38416c-cutie-pie,99,9.56,34137,0,2022-03-07T05:58:32Z,th
"Until We Meet Again","《待到重逢时》",https://www.viki.com/tv/38172c-until-we-meet-again,99,9.57,55029,0,2021-10-05T07:01:29Z,th
"Don't Say No","《倾心相印》",https://www.viki.com/tv/38417c-dont-say-no,100,9.34,64716,0,2022-03-07T05:58:37Z,th
"Unforgotten Night","难忘之夜",https://www.viki.com/tv/39895c-unforgotten-night,96,9.2,9637,0,2023-05-26T02:14:53Z,th
"TharnType","与爱同居",https://www.viki.com/tv/38170c-tharntype,99,9.58,70943,0,2021-10-05T07:01:29Z,th
"Why R U?","缘来誓你",https://www.viki.com/tv/38173c-why-r-u,99,9.37,29924,2,2021-10-05T07:01:29Z,th
"TharnType 2: 7 Years Of Love","与爱同居 2：七年之爱",https://www.viki.com/tv/38171c-tharntype-2-7-years-of-love,98,9.66,45547,0,2021-10-05T07:01:29Z,th
"Big Dragon The Series","《Big Dragon The Series》",https://www.viki.com/tv/38883c-big-dragon-the-series,99,9.11,33801,1,2022-10-05T02:04:25Z,th
"You're My Sky","你是我的晴空",https://www.viki.com/tv/38349c-youre-my-sky,100,9.02,27453,0,2022-01-04T06:25:56Z,th
"I Told Sunset About You","《以你的心詮释我的爱》",https://www.viki.com/tv/38887c-i-told-sunset-about-you,99,9.33,13138,0,2022-10-05T02:04:42Z,th
"Close Friend season 1","《Close Friend 第 1 季》",https://www.viki.com/tv/38509c-close-friend-season-1,99,8.44,13605,0,2022-04-20T08:30:19Z,th
"Coffee Melody","《Coffee Melody》",https://www.viki.com/tv/38413c-coffee-melody,100,8.43,5844,0,2022-03-07T05:58:15Z,th
"Bite Me","Bite Me 热恋宅急送",https://www.viki.com/tv/37888c-bite-me,99,8.47,6264,13,2021-06-04T04:36:05Z,th
"En of Love: TOSSARA","学长的爱情攻心计",https://www.viki.com/tv/38176c-en-of-love-tossara,100,8.78,18078,0,2021-10-05T07:01:29Z,th
"Close Friend Season 2","《Close Friend 第 2 季》",https://www.viki.com/tv/38510c-close-friend-season-2,100,9.15,13673,0,2022-04-20T08:30:22Z,th
"Love in the Air","爱在空气中",https://www.viki.com/tv/38885c-love-in-the-air,99,9.65,53485,0,2022-10-05T02:04:34Z,th
"Cutie Pie","《Cutie Pie》",https://www.viki.com/tv/38416c-cutie-pie,99,9.56,34137,0,2022-03-07T05:58:32Z,th
"Until We Meet Again","《待到重逢时》",https://www.viki.com/tv/38172c-until-we-meet-again,99,9.57,55029,0,2021-10-05T07:01:29Z,th
"Don't Say No","《倾心相印》",https://www.viki.com/tv/38417c-dont-say-no,100,9.34,64716,0,2022-03-07T05:58:37Z,th
"Unforgotten Night","难忘之夜",https://www.viki.com/tv/39895c-unforgotten-night,96,9.2,9637,0,2023-05-26T02:14:53Z,th
"TharnType","与爱同居",https://www.viki.com/tv/38170c-tharntype,99,9.58,70943,0,2021-10-05T07:01:29Z,th
"Why R U?","缘来誓你",https://www.viki.com/tv/38173c-why-r-u,99,9.37,29924,2,2021-10-05T07:01:29Z,th
"TharnType 2: 7 Years Of Love","与爱同居 2：七年之爱",https://www.viki.com/tv/38171c-tharntype-2-7-years-of-love,98,9.66,45547,0,2021-10-05T07:01:29Z,th
"Big Dragon The Series","《Big Dragon The Series》",https://www.viki.com/tv/38883c-big-dragon-the-series,99,9.11,33801,1,2022-10-05T02:04:25Z,th
"You're My Sky","你是我的晴空",https://www.viki.com/tv/38349c-youre-my-sky,100,9.02,27453,0,2022-01-04T06:25:56Z,th
"I Told Sunset About You","《以你的心詮释我的爱》",https://www.viki.com/tv/38887c-i-told-sunset-about-you,99,9.33,13138,0,2022-10-05T02:04:42Z,th
"Close Friend season 1","《Close Friend 第 1 季》",https://www.viki.com/tv/38509c-close-friend-season-1,99,8.44,13605,0,2022-04-20T08:30:19Z,th
"Coffee Melody","《Coffee Melody》",https://www.viki.com/tv/38413c-coffee-melody,100,8.43,5844,0,2022-03-07T05:58:15Z,th
"Bite Me","Bite Me 热恋宅急送",https://www.viki.com/tv/37888c-bite-me,99,8.47,6264,13,2021-06-04T04:36:05Z,th
"En of Love: TOSSARA","学长的爱情攻心计",https://www.viki.com/tv/38176c-en-of-love-tossara,100,8.78,18078,0,2021-10-05T07:01:29Z,th
"Close Friend Season 2","《Close Friend 第 2 季》",https://www.viki.com/tv/38510c-close-friend-season-2,100,9.15,13673,0,2022-04-20T08:30:22Z,th
"Me Always You","我永远是你",https://www.viki.com/tv/38078c-me-always-you,99,8.96,2809,1,2021-08-17T04:07:11Z,th
